bid_id,product_id,customer_id,bid_amount,bid_date
1,1,76,66.3,2024-07-15
2,1,85,499.8,2024-06-24
3,1,94,667.28,2024-02-02
4,1,69,892.35,2024-01-10
5,1,95,64.54,2024-06-28
6,1,58,525.99,2024-05-26
7,1,4,635.06,2024-03-09
8,1,2,75.19,2024-03-20
9,2,12,418.76,2024-05-31
10,2,33,485.34,2024-05-03
11,2,43,944.39,2024-06-27
12,2,65,963.13,2024-03-07
13,2,43,236.0,2024-03-14
14,2,12,145.74,2024-05-20
15,2,35,369.73,2024-05-09
16,2,8,416.13,2024-03-30
17,3,34,297.66,2024-03-30
18,3,68,708.25,2024-05-14
19,3,75,883.6,2024-04-23
20,3,89,813.31,2024-06-12
21,3,10,452.3,2024-06-12
22,3,64,597.13,2024-05-31
23,3,36,403.42,2024-04-08
24,3,24,873.76,2024-04-05
25,3,12,457.54,2024-02-06
26,3,23,766.82,2024-01-13
27,3,30,907.43,2024-04-14
28,3,84,835.13,2024-03-02
29,3,13,900.75,2024-03-26
30,3,100,60.3,2024-06-25
31,4,76,387.16,2024-05-26
32,4,78,692.93,2024-01-28
33,4,83,518.37,2024-02-21
34,4,69,328.55,2024-05-23
35,4,52,688.89,2024-01-25
36,4,23,792.23,2024-02-22
37,4,53,519.7,2024-02-08
38,4,14,572.05,2024-06-15
39,4,35,893.32,2024-05-12
40,4,18,970.22,2024-03-15
41,4,74,845.12,2024-01-09
42,4,7,454.79,2024-05-24
43,4,42,426.82,2024-06-16
44,5,5,537.66,2024-07-12
45,5,83,602.24,2024-06-14
46,5,65,886.34,2024-04-18
47,5,71,986.7,2024-05-24
48,5,36,407.45,2024-05-11
49,5,19,788.29,2024-06-07
50,5,39,453.01,2024-06-30
51,5,19,155.64,2024-03-30
52,5,45,60.79,2024-07-13
53,5,58,753.93,2024-05-05
54,5,61,831.65,2024-07-18
55,5,1,696.99,2024-06-15
56,5,62,430.21,2024-04-01
57,5,25,875.17,2024-04-22
58,6,6,812.0,2024-04-26
59,6,32,578.2,2024-06-21
60,6,21,91.23,2024-02-16
61,6,99,710.64,2024-06-12
62,6,18,207.9,2024-07-03
63,6,14,329.77,2024-02-18
64,6,54,605.1,2024-01-01
65,6,87,93.17,2024-05-23
66,6,74,952.89,2024-01-12
67,6,76,151.42,2024-07-18
68,7,92,664.51,2024-01-08
69,7,58,267.93,2024-05-15
70,7,92,392.33,2024-01-28
71,7,27,713.25,2024-07-10
72,7,73,344.05,2024-05-24
73,7,13,915.38,2024-06-05
74,7,82,445.81,2024-05-13
75,7,47,923.22,2024-07-15
76,7,56,882.83,2024-01-10
77,8,33,788.72,2024-04-28
78,8,96,986.02,2024-05-25
79,8,85,762.1,2024-01-11
80,8,59,850.01,2024-03-26
81,8,98,84.98,2024-06-09
82,8,21,103.56,2024-05-08
83,8,92,822.26,2024-01-06
84,8,5,996.8,2024-04-04
85,8,23,780.54,2024-06-29
86,9,17,279.03,2024-03-23
87,9,1,956.35,2024-04-19
88,9,62,884.31,2024-01-04
89,9,34,390.25,2024-02-01
90,9,39,687.99,2024-03-12
91,9,54,783.7,2024-06-10
92,9,50,859.57,2024-05-02
93,9,5,133.99,2024-02-23
94,9,17,177.31,2024-02-26
95,10,14,718.88,2024-03-25
96,10,38,636.4,2024-06-27
97,10,50,610.42,2024-02-07
98,10,79,465.6,2024-01-30
99,10,98,380.84,2024-07-09
100,10,97,794.47,2024-06-14
101,10,51,712.76,2024-01-30
102,10,4,486.38,2024-01-29
103,10,74,780.47,2024-05-24
104,10,88,93.57,2024-03-24
105,10,53,380.04,2024-01-06
106,11,23,171.64,2024-04-20
107,11,75,181.89,2024-04-04
108,11,4,222.79,2024-01-08
109,11,25,901.95,2024-07-02
110,11,27,684.18,2024-07-13
111,11,61,232.67,2024-06-26
112,11,21,210.49,2024-05-26
113,12,22,134.27,2024-03-01
114,12,5,487.74,2024-01-01
115,12,46,396.06,2024-03-30
116,12,90,705.88,2024-03-18
117,12,26,809.44,2024-03-13
118,12,86,127.67,2024-04-30
119,12,63,408.42,2024-04-03
120,12,26,874.89,2024-03-21
121,12,99,225.29,2024-01-08
122,12,56,510.3,2024-02-16
123,12,87,554.7,2024-01-28
124,12,26,84.85,2024-05-09
125,12,7,702.81,2024-02-25
126,12,18,475.04,2024-05-30
127,13,15,149.63,2024-04-24
128,13,28,69.07,2024-04-28
129,13,17,250.88,2024-07-03
130,13,44,271.56,2024-05-05
131,13,84,500.27,2024-01-13
132,13,67,666.38,2024-05-17
133,13,100,560.25,2024-05-25
134,14,8,607.21,2024-04-20
135,14,42,319.59,2024-03-23
136,14,52,663.62,2024-01-06
137,14,56,523.34,2024-07-05
138,14,33,57.16,2024-07-16
139,14,70,397.09,2024-01-21
140,15,75,133.49,2024-04-03
141,15,95,102.87,2024-04-03
142,15,3,548.29,2024-05-16
143,15,36,997.39,2024-02-09
144,15,66,597.2,2024-01-06
145,15,4,55.04,2024-03-15
146,15,94,212.34,2024-04-27
147,15,62,932.91,2024-06-27
148,16,51,846.65,2024-01-26
149,16,70,969.59,2024-05-12
150,16,19,239.53,2024-03-08
151,16,12,159.09,2024-01-20
152,16,14,324.2,2024-03-30
153,16,11,935.41,2024-02-06
154,16,3,99.23,2024-03-17
155,16,10,571.17,2024-06-26
156,16,44,241.64,2024-05-17
157,16,2,133.47,2024-06-16
158,16,73,772.22,2024-03-03
159,16,24,625.8,2024-05-22
160,17,95,933.05,2024-04-03
161,17,60,966.78,2024-03-02
162,17,75,941.42,2024-03-18
163,17,99,113.17,2024-03-16
164,17,64,595.75,2024-02-09
165,17,93,182.78,2024-03-04
166,17,14,809.56,2024-04-14
167,18,5,273.91,2024-06-13
168,18,26,912.47,2024-03-18
169,18,42,422.82,2024-03-29
170,18,72,467.18,2024-02-09
171,18,32,489.55,2024-01-14
172,18,97,760.23,2024-06-14
173,18,97,270.6,2024-05-22
174,19,78,113.29,2024-07-12
175,19,51,565.71,2024-04-13
176,19,6,366.17,2024-07-16
177,19,72,709.03,2024-06-27
178,19,29,520.65,2024-01-15
179,20,36,997.81,2024-06-03
180,20,97,721.63,2024-07-03
181,20,55,185.97,2024-06-03
182,20,86,728.36,2024-07-14
183,20,74,374.98,2024-01-05
184,20,13,155.1,2024-02-07
185,20,88,623.76,2024-04-18
186,20,29,562.87,2024-01-15
187,20,47,438.51,2024-06-05
188,20,2,61.59,2024-06-21
189,20,36,565.59,2024-04-24
190,21,11,961.12,2024-05-27
191,21,38,265.98,2024-04-13
192,21,47,323.53,2024-01-23
193,21,12,916.26,2024-04-16
194,21,62,145.75,2024-04-13
195,21,60,613.31,2024-04-20
196,21,68,800.58,2024-04-09
197,21,72,668.8,2024-02-06
198,21,31,626.38,2024-04-01
199,22,29,149.03,2024-02-20
200,22,86,915.15,2024-02-10
201,22,46,274.11,2024-01-01
202,22,36,168.43,2024-03-30
203,22,1,876.4,2024-02-26
204,22,40,627.5,2024-02-24
205,22,73,757.04,2024-06-23
206,22,57,54.4,2024-06-28
207,22,35,428.26,2024-06-17
208,22,90,923.86,2024-01-25
209,23,82,506.8,2024-05-14
210,23,17,607.71,2024-03-31
211,23,51,285.82,2024-07-05
212,23,71,207.24,2024-01-25
213,23,33,394.27,2024-03-28
214,23,22,259.09,2024-03-03
215,24,71,976.76,2024-02-18
216,24,49,579.44,2024-04-14
217,24,92,558.32,2024-03-26
218,24,49,334.62,2024-04-13
219,24,94,762.46,2024-05-20
220,24,56,903.15,2024-05-02
221,25,93,498.46,2024-06-21
222,25,19,112.42,2024-06-16
223,25,47,551.27,2024-03-18
224,25,94,581.66,2024-04-22
225,25,4,222.83,2024-03-03
226,26,3,404.64,2024-04-12
227,26,34,438.3,2024-04-19
228,26,55,198.34,2024-03-27
229,26,7,675.98,2024-06-26
230,26,57,260.87,2024-03-05
231,26,72,148.9,2024-07-05
232,26,51,670.11,2024-03-07
233,26,34,815.05,2024-01-08
234,26,78,623.04,2024-03-28
235,26,16,427.32,2024-02-15
236,26,54,244.74,2024-06-13
237,27,82,62.35,2024-06-24
238,27,33,247.49,2024-01-07
239,27,19,603.89,2024-05-26
240,27,82,898.04,2024-07-06
241,27,69,374.73,2024-02-16
242,27,67,610.78,2024-05-09
243,27,20,642.94,2024-05-19
244,27,94,394.62,2024-06-14
245,27,44,258.53,2024-02-22
246,27,24,158.53,2024-03-26
247,27,59,899.82,2024-06-06
248,28,81,305.24,2024-04-23
249,28,66,651.8,2024-02-09
250,28,73,182.39,2024-04-12
251,28,26,549.41,2024-01-04
252,28,98,308.69,2024-04-18
253,29,85,824.3,2024-05-25
254,29,38,113.82,2024-02-10
255,29,25,522.59,2024-06-13
256,29,87,151.25,2024-03-16
257,29,85,300.5,2024-03-26
258,29,6,745.58,2024-01-31
259,29,12,651.44,2024-04-07
260,29,71,594.63,2024-02-22
261,29,26,434.16,2024-05-24
262,29,46,94.62,2024-07-08
263,30,65,128.66,2024-04-16
264,30,26,114.84,2024-02-05
265,30,40,465.33,2024-01-11
266,30,59,332.27,2024-06-12
267,30,98,426.82,2024-02-23
268,30,22,745.94,2024-05-31
269,30,36,562.85,2024-02-02
270,30,62,957.47,2024-03-21
271,30,66,151.27,2024-06-02
272,30,17,442.15,2024-02-09
273,31,25,284.08,2024-02-11
274,31,44,969.31,2024-05-10
275,31,98,147.94,2024-04-11
276,31,44,817.06,2024-04-10
277,31,61,800.51,2024-02-18
278,31,55,545.24,2024-02-26
279,31,62,960.26,2024-01-12
280,31,8,657.0,2024-03-23
281,31,87,737.9,2024-03-21
282,31,72,287.18,2024-07-16
283,31,12,260.15,2024-03-29
284,31,26,87.46,2024-06-02
285,32,71,999.39,2024-01-16
286,32,85,499.55,2024-01-26
287,32,14,164.5,2024-05-14
288,32,9,232.97,2024-01-07
289,32,59,947.05,2024-03-12
290,32,95,868.94,2024-03-22
291,32,99,353.15,2024-06-15
292,32,17,667.66,2024-04-12
293,32,99,582.64,2024-05-31
294,32,98,890.75,2024-02-14
295,32,40,468.98,2024-06-19
296,32,39,349.53,2024-04-17
297,32,93,678.57,2024-01-04
298,32,82,544.16,2024-05-20
299,33,66,73.18,2024-04-17
300,33,34,70.21,2024-06-18
301,33,13,414.77,2024-01-13
302,33,99,116.53,2024-04-05
303,33,29,778.83,2024-02-15
304,33,57,601.72,2024-03-02
305,33,10,137.11,2024-04-30
306,33,84,750.7,2024-04-12
307,33,3,493.95,2024-06-25
308,33,30,860.18,2024-04-29
309,33,62,609.65,2024-05-25
310,33,65,914.82,2024-06-24
311,33,15,415.11,2024-03-13
312,33,68,257.34,2024-03-28
313,34,61,296.03,2024-02-06
314,34,70,983.21,2024-05-03
315,34,46,620.76,2024-03-03
316,34,77,989.73,2024-03-02
317,34,52,111.74,2024-07-17
318,34,20,845.93,2024-03-12
319,34,74,94.6,2024-02-23
320,34,90,84.9,2024-02-26
321,34,6,810.73,2024-01-03
322,34,47,255.51,2024-02-23
323,34,99,617.41,2024-01-09
324,34,35,770.33,2024-03-01
325,34,17,196.2,2024-03-02
326,34,99,263.22,2024-06-08
327,35,89,613.29,2024-05-04
328,35,98,484.56,2024-05-21
329,35,67,309.31,2024-07-02
330,35,9,92.16,2024-01-29
331,35,42,819.04,2024-03-16
332,35,25,573.31,2024-02-09
333,35,98,438.03,2024-07-05
334,35,72,710.93,2024-02-07
335,35,90,555.97,2024-06-24
336,35,60,154.0,2024-02-06
337,35,69,991.9,2024-01-28
338,35,40,888.76,2024-04-23
339,36,67,380.42,2024-07-04
340,36,40,587.45,2024-04-07
341,36,6,545.2,2024-02-02
342,36,40,283.02,2024-03-20
343,36,59,202.38,2024-02-28
344,36,45,712.6,2024-01-13
345,36,100,637.68,2024-06-18
346,37,7,887.56,2024-07-06
347,37,58,492.2,2024-02-14
348,37,23,54.89,2024-01-31
349,37,53,756.33,2024-06-08
350,37,82,827.07,2024-06-07
351,37,93,295.75,2024-03-17
352,37,96,129.89,2024-07-12
353,37,17,160.05,2024-06-03
354,37,60,58.62,2024-04-07
355,37,35,172.03,2024-04-18
356,38,71,564.2,2024-06-06
357,38,28,650.99,2024-03-03
358,38,93,799.37,2024-02-06
359,38,96,782.31,2024-05-27
360,38,91,208.06,2024-03-08
361,38,22,723.14,2024-01-12
362,38,65,105.02,2024-04-27
363,39,14,974.81,2024-02-19
364,39,76,762.17,2024-01-29
365,39,76,73.36,2024-06-28
366,39,33,357.43,2024-05-18
367,39,32,781.89,2024-03-19
368,39,87,473.61,2024-02-27
369,39,98,997.27,2024-06-22
370,39,13,861.5,2024-04-08
371,39,29,709.0,2024-01-15
372,39,32,128.26,2024-04-25
373,39,22,174.77,2024-03-24
374,39,81,965.07,2024-07-13
375,40,93,946.44,2024-04-01
376,40,59,966.29,2024-04-10
377,40,57,470.18,2024-05-26
378,40,58,899.39,2024-01-01
379,40,34,252.45,2024-01-15
380,40,25,729.18,2024-03-04
381,40,15,497.96,2024-01-18
382,40,72,201.28,2024-01-27
383,40,93,787.77,2024-05-24
384,40,27,852.54,2024-03-19
385,40,3,806.96,2024-07-17
386,40,53,916.24,2024-06-20
387,41,20,806.71,2024-05-10
388,41,94,161.44,2024-06-01
389,41,84,458.79,2024-01-17
390,41,48,517.01,2024-06-14
391,41,86,602.87,2024-03-03
392,41,2,807.68,2024-04-26
393,41,64,482.46,2024-05-18
394,41,21,118.82,2024-03-12
395,41,82,505.94,2024-03-04
396,41,38,327.08,2024-04-04
397,41,89,867.12,2024-02-14
398,41,41,87.64,2024-04-11
399,41,88,188.63,2024-06-27
400,41,46,185.37,2024-03-16
401,42,92,717.34,2024-03-26
402,42,32,944.18,2024-06-16
403,42,2,557.53,2024-04-06
404,42,33,833.29,2024-06-06
405,42,22,355.99,2024-06-02
406,42,90,704.99,2024-06-14
407,42,98,89.12,2024-05-22
408,42,49,953.97,2024-06-20
409,42,67,901.41,2024-03-01
410,42,6,635.77,2024-01-09
411,43,76,877.42,2024-04-23
412,43,92,811.64,2024-06-26
413,43,7,677.78,2024-03-02
414,43,6,826.43,2024-05-11
415,43,3,88.72,2024-06-02
416,43,14,127.55,2024-07-06
417,43,87,667.78,2024-01-12
418,43,45,634.95,2024-01-25
419,43,55,496.67,2024-05-26
420,43,8,878.24,2024-06-21
421,43,55,91.48,2024-02-22
422,43,82,69.82,2024-02-13
423,43,37,996.52,2024-05-29
424,44,3,127.45,2024-02-28
425,44,61,118.59,2024-02-04
426,44,79,294.8,2024-07-09
427,44,49,874.86,2024-03-16
428,44,58,755.57,2024-06-07
429,44,37,378.64,2024-05-27
430,44,20,529.6,2024-04-17
431,44,49,538.3,2024-02-19
432,44,36,77.92,2024-04-14
433,44,100,879.75,2024-04-07
434,44,36,450.63,2024-06-10
435,44,58,916.75,2024-06-18
436,44,3,641.82,2024-01-12
437,45,15,274.0,2024-01-21
438,45,8,435.04,2024-01-26
439,45,42,275.67,2024-03-27
440,45,2,221.93,2024-03-18
441,45,38,517.66,2024-03-09
442,45,60,434.77,2024-03-02
443,45,89,679.49,2024-01-14
444,45,17,421.53,2024-03-10
445,45,66,865.09,2024-01-28
446,45,65,784.8,2024-01-05
447,45,36,971.33,2024-07-02
448,45,31,274.25,2024-02-16
449,46,14,364.34,2024-04-27
450,46,10,685.92,2024-04-02
451,46,1,476.96,2024-04-14
452,46,43,951.15,2024-01-08
453,46,64,391.29,2024-02-26
454,46,37,388.9,2024-01-28
455,46,49,851.96,2024-06-13
456,47,79,580.23,2024-06-04
457,47,20,306.26,2024-07-07
458,47,73,554.61,2024-05-09
459,47,26,87.38,2024-01-20
460,47,35,479.59,2024-04-28
461,47,69,148.14,2024-02-28
462,47,78,703.8,2024-06-27
463,47,53,505.9,2024-01-20
464,47,98,356.97,2024-02-12
465,47,57,601.11,2024-01-29
466,47,43,514.4,2024-07-02
467,47,38,182.67,2024-06-20
468,48,50,241.76,2024-03-20
469,48,8,971.42,2024-04-28
470,48,8,198.36,2024-05-08
471,48,5,965.18,2024-04-11
472,48,34,678.55,2024-06-23
473,48,90,405.58,2024-04-28
474,48,82,636.95,2024-06-06
475,48,47,592.08,2024-05-15
476,49,46,922.74,2024-03-29
477,49,19,943.83,2024-01-01
478,49,53,683.62,2024-05-21
479,49,90,381.14,2024-04-14
480,49,64,95.8,2024-07-12
481,49,33,436.56,2024-03-13
482,49,13,793.27,2024-06-24
483,49,31,751.53,2024-03-17
484,49,98,433.93,2024-03-08
485,49,19,817.45,2024-05-11
486,49,13,807.92,2024-03-22
487,49,75,406.89,2024-03-23
488,50,89,361.96,2024-07-17
489,50,76,629.34,2024-03-05
490,50,21,411.4,2024-05-22
491,50,89,616.66,2024-04-02
492,50,44,63.93,2024-02-04
493,50,99,210.02,2024-01-11
494,50,66,490.32,2024-03-14
495,50,85,870.17,2024-01-03
496,50,66,505.22,2024-02-17
497,50,93,374.19,2024-04-26
498,51,37,283.77,2024-02-17
499,51,43,776.64,2024-01-15
500,51,46,732.22,2024-03-10
501,51,43,67.32,2024-05-02
502,51,80,665.1,2024-05-30
503,51,15,281.31,2024-05-03
504,51,15,237.3,2024-02-20
505,51,86,234.83,2024-05-20
506,51,68,293.94,2024-03-18
507,52,29,812.87,2024-01-27
508,52,8,345.74,2024-02-04
509,52,30,730.34,2024-06-12
510,52,77,442.87,2024-06-25
511,52,94,222.09,2024-03-29
512,52,74,809.79,2024-04-04
513,52,71,330.51,2024-06-07
514,52,61,293.73,2024-06-18
515,53,68,132.69,2024-03-24
516,53,1,404.83,2024-02-23
517,53,47,953.83,2024-06-21
518,53,22,828.23,2024-04-28
519,53,26,251.44,2024-05-16
520,53,88,440.48,2024-01-10
521,53,42,905.02,2024-05-04
522,53,26,292.86,2024-02-18
523,54,24,831.48,2024-02-19
524,54,39,684.17,2024-02-29
525,54,19,642.67,2024-05-25
526,54,69,209.61,2024-07-01
527,54,98,499.25,2024-04-17
528,54,81,219.52,2024-05-28
529,54,15,268.73,2024-02-06
530,54,32,656.06,2024-07-17
531,55,77,614.75,2024-03-18
532,55,2,310.81,2024-06-01
533,55,85,692.05,2024-01-07
534,55,39,738.29,2024-02-11
535,55,60,827.77,2024-01-24
536,55,90,370.37,2024-03-08
537,55,39,783.99,2024-02-01
538,55,97,615.96,2024-02-05
539,55,8,398.61,2024-03-13
540,55,41,636.3,2024-03-10
541,55,49,840.27,2024-01-13
542,55,5,116.44,2024-07-06
543,55,21,307.59,2024-06-08
544,56,67,556.31,2024-02-19
545,56,58,366.35,2024-05-04
546,56,2,994.43,2024-03-10
547,56,81,995.71,2024-01-02
548,56,8,601.45,2024-01-30
549,56,36,963.58,2024-07-04
550,56,47,240.89,2024-01-31
551,56,62,451.55,2024-04-15
552,56,16,51.17,2024-02-24
553,56,12,982.17,2024-05-23
554,56,16,413.4,2024-01-03
555,56,92,975.46,2024-01-23
556,57,84,930.65,2024-01-05
557,57,65,849.93,2024-04-17
558,57,84,642.41,2024-05-28
559,57,32,171.33,2024-07-18
560,57,76,792.93,2024-01-16
561,57,36,337.97,2024-05-21
562,57,66,411.86,2024-04-23
563,57,91,277.1,2024-01-02
564,57,75,834.02,2024-07-11
565,57,23,945.27,2024-07-08
566,58,6,923.42,2024-02-24
567,58,15,992.55,2024-06-19
568,58,12,934.07,2024-04-10
569,58,38,826.58,2024-02-11
570,58,30,884.08,2024-02-04
571,58,78,815.63,2024-06-06
572,59,14,126.87,2024-06-28
573,59,35,214.85,2024-05-28
574,59,35,378.79,2024-05-09
575,59,82,658.92,2024-01-20
576,59,66,175.9,2024-01-25
577,59,33,926.62,2024-02-23
578,59,65,625.94,2024-01-14
579,59,52,527.44,2024-02-23
580,59,6,189.06,2024-06-17
581,59,98,114.76,2024-04-26
582,59,25,270.92,2024-07-14
583,60,93,150.38,2024-05-25
584,60,32,255.24,2024-05-13
585,60,60,396.56,2024-05-09
586,60,5,791.72,2024-01-31
587,60,89,105.26,2024-01-10
588,60,50,104.89,2024-01-11
589,60,79,984.49,2024-02-25
590,60,9,185.14,2024-03-23
591,61,62,302.12,2024-06-04
592,61,80,707.04,2024-01-07
593,61,4,651.53,2024-04-06
594,61,17,271.01,2024-02-09
595,61,52,215.06,2024-05-03
596,61,38,454.78,2024-06-12
597,61,63,477.3,2024-03-03
598,61,27,443.42,2024-01-07
599,61,71,746.93,2024-01-14
600,61,5,60.48,2024-03-26
601,61,62,507.28,2024-05-09
602,61,21,772.28,2024-03-19
603,61,39,638.0,2024-02-27
604,62,82,111.39,2024-06-29
605,62,36,402.84,2024-06-08
606,62,11,481.66,2024-07-06
607,62,55,191.78,2024-02-21
608,62,34,358.44,2024-07-14
609,62,99,407.09,2024-03-22
610,62,29,486.47,2024-06-28
611,62,42,897.48,2024-01-21
612,62,64,797.56,2024-04-14
613,63,1,818.44,2024-06-17
614,63,29,315.4,2024-02-17
615,63,60,792.11,2024-02-27
616,63,75,520.68,2024-01-28
617,63,59,477.62,2024-01-08
618,63,79,894.92,2024-06-25
619,63,88,888.34,2024-03-27
620,63,32,988.86,2024-03-09
621,63,8,89.59,2024-03-27
622,63,43,676.08,2024-03-27
623,63,24,150.1,2024-06-27
624,63,5,533.15,2024-01-17
625,63,31,331.71,2024-02-27
626,64,83,678.3,2024-05-22
627,64,51,215.4,2024-01-28
628,64,5,677.29,2024-01-05
629,64,8,301.79,2024-04-05
630,64,96,538.92,2024-02-07
631,64,95,793.36,2024-03-21
632,64,25,977.19,2024-04-13
633,64,67,165.32,2024-06-26
634,65,41,961.84,2024-03-18
635,65,62,901.02,2024-04-28
636,65,21,168.97,2024-01-10
637,65,2,621.79,2024-03-31
638,65,32,760.67,2024-06-29
639,65,32,673.65,2024-02-01
640,65,10,371.35,2024-01-11
641,65,18,263.38,2024-06-16
642,66,78,467.43,2024-02-28
643,66,22,310.1,2024-04-23
644,66,32,521.25,2024-06-20
645,66,21,321.61,2024-04-22
646,66,94,868.3,2024-02-01
647,66,47,289.63,2024-01-12
648,66,21,979.48,2024-05-20
649,66,7,221.56,2024-02-15
650,66,22,985.44,2024-03-26
651,66,92,91.02,2024-01-22
652,66,29,701.03,2024-01-02
653,66,27,966.87,2024-06-28
654,66,88,375.26,2024-05-30
655,67,37,610.83,2024-06-19
656,67,3,332.67,2024-07-02
657,67,23,704.44,2024-01-19
658,67,25,773.07,2024-02-08
659,67,8,488.48,2024-04-20
660,67,72,284.34,2024-05-23
661,67,3,992.22,2024-01-05
662,67,99,431.42,2024-04-13
663,67,98,243.83,2024-04-15
664,67,21,746.42,2024-01-10
665,68,66,387.62,2024-06-03
666,68,9,576.52,2024-01-13
667,68,90,847.97,2024-03-26
668,68,81,60.48,2024-01-12
669,68,34,770.74,2024-04-30
670,68,75,768.45,2024-01-20
671,68,56,526.95,2024-03-10
672,68,4,416.11,2024-07-04
673,68,20,791.38,2024-05-11
674,68,37,679.89,2024-06-02
675,68,21,77.62,2024-02-23
676,69,57,418.29,2024-07-06
677,69,71,506.92,2024-01-17
678,69,3,111.61,2024-01-14
679,69,58,583.41,2024-03-20
680,69,24,692.64,2024-05-11
681,69,19,306.33,2024-03-22
682,69,19,523.34,2024-02-29
683,69,83,105.62,2024-04-19
684,70,31,833.87,2024-04-26
685,70,48,404.79,2024-01-19
686,70,55,748.73,2024-04-03
687,70,63,259.58,2024-05-25
688,70,75,746.94,2024-02-16
689,70,45,214.81,2024-04-27
690,70,4,521.36,2024-07-16
691,70,91,701.62,2024-02-16
692,70,78,759.86,2024-02-16
693,70,9,952.8,2024-04-12
694,70,61,980.66,2024-03-09
695,70,77,715.24,2024-01-03
696,70,70,542.17,2024-04-03
697,70,51,943.65,2024-04-18
698,71,46,264.26,2024-02-04
699,71,93,488.65,2024-03-09
700,71,21,485.28,2024-02-18
701,71,100,176.81,2024-01-05
702,71,39,521.64,2024-01-04
703,71,24,743.03,2024-05-08
704,71,41,200.96,2024-03-10
705,71,60,428.89,2024-02-29
706,71,24,498.46,2024-03-24
707,71,24,104.2,2024-06-06
708,71,86,298.62,2024-06-06
709,71,55,910.94,2024-06-11
710,71,10,308.35,2024-04-29
711,71,95,477.25,2024-06-30
712,72,73,513.19,2024-02-13
713,72,84,638.71,2024-07-02
714,72,57,378.62,2024-04-16
715,72,33,783.26,2024-06-26
716,72,15,70.73,2024-03-10
717,72,88,582.16,2024-05-27
718,72,21,99.64,2024-07-17
719,72,14,744.28,2024-04-29
720,72,21,293.7,2024-02-27
721,72,87,238.19,2024-05-10
722,73,19,343.26,2024-02-18
723,73,12,382.03,2024-03-25
724,73,33,193.68,2024-06-17
725,73,71,699.57,2024-07-14
726,73,81,981.49,2024-02-02
727,73,98,433.78,2024-03-01
728,73,41,802.11,2024-02-12
729,73,17,632.26,2024-06-25
730,73,98,510.46,2024-07-16
731,73,5,948.41,2024-03-25
732,73,57,685.57,2024-04-21
733,73,16,441.18,2024-04-07
734,74,76,109.16,2024-03-26
735,74,38,816.08,2024-06-16
736,74,99,99.36,2024-05-17
737,74,49,241.3,2024-03-03
738,74,21,206.47,2024-05-14
739,74,68,768.91,2024-05-06
740,74,85,676.65,2024-05-22
741,74,92,292.72,2024-04-25
742,74,40,985.74,2024-05-04
743,74,63,574.89,2024-01-26
744,74,72,318.31,2024-05-10
745,75,39,673.94,2024-01-06
746,75,50,138.74,2024-03-29
747,75,51,235.83,2024-07-15
748,75,74,139.33,2024-01-12
749,75,36,312.62,2024-02-10
750,75,55,660.54,2024-03-12
751,75,48,902.11,2024-05-22
752,75,60,711.1,2024-02-11
753,75,2,350.92,2024-01-12
754,75,3,902.33,2024-05-10
755,75,40,531.7,2024-04-16
756,75,8,899.29,2024-05-08
757,75,48,194.5,2024-05-03
758,75,94,634.53,2024-01-04
759,76,32,161.76,2024-01-19
760,76,46,353.68,2024-05-18
761,76,63,511.09,2024-05-08
762,76,30,652.94,2024-01-21
763,76,28,887.83,2024-01-04
764,76,27,702.52,2024-02-28
765,76,97,77.9,2024-05-10
766,76,34,249.27,2024-05-27
767,76,99,228.04,2024-05-12
768,76,50,155.21,2024-01-09
769,77,66,830.56,2024-05-18
770,77,73,389.91,2024-04-17
771,77,76,368.45,2024-05-10
772,77,28,834.68,2024-01-21
773,77,33,277.88,2024-07-08
774,77,34,380.54,2024-06-28
775,77,82,761.39,2024-06-23
776,77,23,639.88,2024-07-03
777,77,17,849.38,2024-05-29
778,77,94,980.15,2024-05-18
779,77,33,169.95,2024-06-11
780,77,34,358.85,2024-01-16
781,77,28,697.59,2024-06-16
782,78,1,845.19,2024-05-27
783,78,63,373.36,2024-03-27
784,78,25,254.75,2024-07-04
785,78,63,115.08,2024-05-22
786,78,53,670.5,2024-02-26
787,78,100,877.64,2024-05-21
788,78,9,799.02,2024-02-08
789,78,79,297.27,2024-03-17
790,78,91,582.42,2024-05-13
791,78,98,474.7,2024-03-31
792,79,100,412.53,2024-05-21
793,79,35,442.12,2024-07-08
794,79,84,67.1,2024-03-18
795,79,88,75.82,2024-06-16
796,79,87,171.08,2024-04-11
797,79,51,834.74,2024-03-23
798,79,73,847.49,2024-01-19
799,79,71,640.28,2024-06-21
800,79,19,879.12,2024-03-13
801,79,38,164.23,2024-05-21
802,80,81,279.8,2024-06-16
803,80,33,495.33,2024-03-04
804,80,14,618.44,2024-03-29
805,80,78,756.03,2024-07-05
806,80,68,883.38,2024-07-14
807,80,86,897.69,2024-01-02
808,80,55,554.75,2024-05-06
809,80,48,82.94,2024-03-02
810,81,64,799.7,2024-01-11
811,81,69,289.69,2024-05-28
812,81,67,513.96,2024-04-10
813,81,9,685.74,2024-07-07
814,81,8,541.57,2024-03-05
815,81,40,351.1,2024-06-23
816,81,46,785.19,2024-03-16
817,82,26,206.58,2024-05-26
818,82,21,649.74,2024-05-29
819,82,29,657.63,2024-01-20
820,82,71,175.11,2024-02-24
821,82,22,797.41,2024-01-04
822,82,86,299.54,2024-03-07
823,82,91,756.41,2024-06-10
824,82,72,652.4,2024-01-01
825,82,86,291.67,2024-01-06
826,82,61,498.87,2024-05-24
827,82,8,276.91,2024-01-27
828,82,65,477.94,2024-04-15
829,82,99,236.29,2024-04-18
830,83,84,246.64,2024-06-24
831,83,61,55.23,2024-05-20
832,83,62,841.65,2024-02-15
833,83,97,371.92,2024-05-27
834,83,49,257.58,2024-03-25
835,83,54,935.17,2024-04-15
836,83,88,132.74,2024-01-09
837,84,88,555.02,2024-01-17
838,84,39,596.04,2024-02-28
839,84,13,691.65,2024-02-08
840,84,11,174.91,2024-05-26
841,84,45,424.85,2024-02-15
842,84,19,440.47,2024-04-17
843,84,61,728.33,2024-07-18
844,84,61,343.9,2024-01-12
845,84,90,957.31,2024-02-14
846,84,8,869.74,2024-07-15
847,84,87,731.69,2024-06-22
848,84,87,88.53,2024-06-23
849,84,82,293.86,2024-03-24
850,85,36,400.6,2024-06-09
851,85,28,572.1,2024-05-26
852,85,97,434.03,2024-04-22
853,85,41,944.64,2024-05-22
854,85,29,694.74,2024-07-09
855,85,51,613.98,2024-07-12
856,85,14,654.29,2024-01-10
857,85,73,631.94,2024-04-27
858,86,70,164.53,2024-03-24
859,86,93,113.12,2024-01-02
860,86,94,185.03,2024-05-23
861,86,41,450.93,2024-03-21
862,86,65,130.17,2024-06-11
863,86,85,817.62,2024-04-10
864,86,95,493.28,2024-05-06
865,87,28,418.02,2024-02-07
866,87,18,433.7,2024-04-16
867,87,73,341.0,2024-06-21
868,87,30,474.1,2024-05-01
869,87,32,831.3,2024-04-07
870,87,44,920.8,2024-06-04
871,87,23,352.92,2024-03-03
872,87,32,402.61,2024-02-17
873,87,100,423.33,2024-02-26
874,87,39,536.1,2024-05-31
875,87,37,663.45,2024-06-04
876,87,56,773.81,2024-06-13
877,88,29,541.38,2024-01-19
878,88,92,56.37,2024-05-25
879,88,11,345.66,2024-05-05
880,88,64,625.49,2024-02-07
881,88,48,257.0,2024-06-10
882,88,31,703.86,2024-03-05
883,88,50,511.31,2024-04-18
884,88,88,530.18,2024-04-29
885,89,27,248.42,2024-06-02
886,89,64,443.44,2024-04-16
887,89,50,347.55,2024-02-20
888,89,15,513.46,2024-05-04
889,89,37,958.12,2024-06-18
890,89,35,893.98,2024-04-10
891,89,18,835.37,2024-07-14
892,89,29,323.99,2024-04-22
893,90,96,373.37,2024-05-24
894,90,69,196.44,2024-03-08
895,90,13,564.62,2024-02-18
896,90,53,841.97,2024-03-26
897,90,3,337.22,2024-06-27
898,90,51,218.31,2024-06-08
899,90,46,693.52,2024-03-25
900,90,44,839.15,2024-01-21
901,91,92,603.84,2024-05-08
902,91,99,193.0,2024-05-04
903,91,11,246.94,2024-04-07
904,91,99,886.3,2024-01-17
905,91,86,590.91,2024-04-13
906,91,37,744.28,2024-01-19
907,91,28,859.93,2024-01-08
908,91,36,911.6,2024-04-10
909,92,11,385.79,2024-04-07
910,92,12,86.08,2024-02-16
911,92,92,104.85,2024-05-18
912,92,20,493.44,2024-07-02
913,92,70,191.36,2024-01-12
914,92,26,981.94,2024-05-26
915,92,96,517.33,2024-02-21
916,92,100,321.49,2024-07-01
917,92,62,773.71,2024-06-09
918,93,53,981.7,2024-06-27
919,93,92,836.14,2024-03-22
920,93,7,958.24,2024-01-04
921,93,73,106.5,2024-02-17
922,93,81,658.19,2024-06-21
923,93,72,109.33,2024-04-05
924,93,67,475.9,2024-02-07
925,93,47,645.26,2024-01-13
926,93,80,774.47,2024-01-31
927,93,93,79.02,2024-01-22
928,93,54,550.86,2024-03-07
929,93,21,390.78,2024-03-04
930,93,41,314.82,2024-07-12
931,94,57,803.72,2024-01-30
932,94,19,240.62,2024-06-11
933,94,71,52.2,2024-01-26
934,94,65,374.69,2024-03-07
935,94,1,115.58,2024-02-06
936,94,8,780.48,2024-05-20
937,94,73,777.81,2024-05-07
938,94,35,632.92,2024-06-12
939,94,23,513.25,2024-04-13
940,94,78,437.17,2024-06-22
941,94,95,112.71,2024-06-06
942,94,72,155.45,2024-04-08
943,95,61,145.89,2024-02-14
944,95,16,697.66,2024-04-11
945,95,34,804.79,2024-05-24
946,95,60,187.94,2024-05-23
947,95,56,330.53,2024-01-13
948,95,39,431.24,2024-02-03
949,96,55,910.81,2024-04-29
950,96,39,264.73,2024-02-22
951,96,53,81.99,2024-06-06
952,96,53,445.32,2024-05-26
953,96,86,228.45,2024-01-25
954,96,23,873.59,2024-07-01
955,96,10,830.36,2024-03-14
956,96,52,655.24,2024-02-23
957,96,14,490.01,2024-04-23
958,96,53,813.76,2024-04-19
959,96,30,544.16,2024-01-22
960,97,82,431.37,2024-01-08
961,97,78,887.89,2024-06-07
962,97,75,307.97,2024-04-07
963,97,79,147.61,2024-02-18
964,97,26,729.29,2024-04-02
965,97,81,109.56,2024-02-07
966,97,8,53.63,2024-02-19
967,97,44,753.86,2024-03-09
968,97,28,146.8,2024-06-05
969,97,19,586.74,2024-03-05
970,97,44,593.22,2024-06-10
971,98,51,462.13,2024-05-22
972,98,70,408.45,2024-06-25
973,98,37,160.22,2024-06-27
974,98,33,933.66,2024-06-05
975,98,55,54.15,2024-04-29
976,98,85,727.39,2024-01-23
977,99,24,772.99,2024-06-09
978,99,68,717.41,2024-01-17
979,99,73,150.1,2024-04-03
980,99,37,95.78,2024-05-19
981,99,48,415.86,2024-04-10
982,99,99,484.81,2024-02-10
983,99,78,782.24,2024-05-25
984,99,71,779.19,2024-04-14
985,99,100,857.83,2024-05-20
986,100,38,498.67,2024-03-13
987,100,86,254.95,2024-07-02
988,100,87,627.36,2024-04-18
989,100,9,179.77,2024-06-10
990,100,36,751.67,2024-01-07
991,100,70,662.59,2024-01-28
992,100,28,727.55,2024-05-28
993,100,65,895.7,2024-06-30
994,100,57,832.14,2024-01-13
995,100,10,566.62,2024-02-23
996,100,53,703.64,2024-02-16
997,100,37,915.52,2024-01-13
998,100,86,723.91,2024-01-02
